voting_district,name,totalvalidvotes,dc40perc_validvotes,ward_validvotes,pr_validvotes,of_votes
43415591,DA - DEMOCRATIC ALLIANCE,0,0,0,0,0
98340059,AIC - AFRICAN INDEPENDENT CONGRESS,0,0,0,0,0
98280108,ADVIESKANTOOR,0,0,0,0,0
98240014,ADVIESKANTOOR,0,0,0,0,0
97270230,ANC - AFRICAN NATIONAL CONGRESS,657,0,0,657,84.02
10590151,DA - DEMOCRATIC ALLIANCE,751,0,0,751,65.19
10590151,ANC - AFRICAN NATIONAL CONGRESS,347,0,0,347,30.12
10590151,AIC - AFRICAN INDEPENDENT CONGRESS,19,0,0,19,1.65
10590151,EFF - ECONOMIC FREEDOM FIGHTERS,18,0,0,18,1.56
10590151,COPE - CONGRESS  OF THE PEOPLE,7,0,0,7,0.61
10590151,ACDP - AFRICAN CHRISTIAN DEMOCRATIC PARTY,3,0,0,3,0.26
10590151,UFEC - UNITED FRONT OF THE EASTERN CAPE,1,0,0,1,0.09
10590151,PAC - PAN AFRICANIST CONGRESS OF AZANIA,1,0,0,1,0.09
10590151,PAL - PEOPLES ALLIANCE,0,0,0,0,0
10590151,PAM - PAN AFRICANIST MOVEMENT,0,0,0,0,0
10590151,UDM - UNITED DEMOCRATIC MOVEMENT,5,0,0,5,0.43
10590151,UNICO - UNITED CONGRESS,0,0,0,0,0
10590588,DA - DEMOCRATIC ALLIANCE,858,0,0,858,74.35
10590588,ANC - AFRICAN NATIONAL CONGRESS,206,0,0,206,17.85
10590588,EFF - ECONOMIC FREEDOM FIGHTERS,52,0,0,52,4.51
10590588,ACDP - AFRICAN CHRISTIAN DEMOCRATIC PARTY,14,0,0,14,1.21
10590588,AIC - AFRICAN INDEPENDENT CONGRESS,9,0,0,9,0.78
10590588,COPE - CONGRESS  OF THE PEOPLE,1,0,0,1,0.09
10590588,PAC - PAN AFRICANIST CONGRESS OF AZANIA,4,0,0,4,0.35
10590588,UFEC - UNITED FRONT OF THE EASTERN CAPE,1,0,0,1,0.09
10590588,PAL - PEOPLES ALLIANCE,1,0,0,1,0.09
10590588,PAM - PAN AFRICANIST MOVEMENT,0,0,0,0,0
10590588,UDM - UNITED DEMOCRATIC MOVEMENT,8,0,0,8,0.69
10590588,UNICO - UNITED CONGRESS,0,0,0,0,0
10590858,ANC - AFRICAN NATIONAL CONGRESS,1047,0,0,1047,70.46
10590858,DA - DEMOCRATIC ALLIANCE,303,0,0,303,20.39
10590858,EFF - ECONOMIC FREEDOM FIGHTERS,67,0,0,67,4.51
10590858,AIC - AFRICAN INDEPENDENT CONGRESS,47,0,0,47,3.16
10590858,ACDP - AFRICAN CHRISTIAN DEMOCRATIC PARTY,5,0,0,5,0.34
10590858,UFEC - UNITED FRONT OF THE EASTERN CAPE,3,0,0,3,0.2
10590858,COPE - CONGRESS  OF THE PEOPLE,1,0,0,1,0.07
10590858,PAC - PAN AFRICANIST CONGRESS OF AZANIA,1,0,0,1,0.07
10590858,PAL - PEOPLES ALLIANCE,1,0,0,1,0.07
10590858,PAM - PAN AFRICANIST MOVEMENT,1,0,0,1,0.07
10590858,UDM - UNITED DEMOCRATIC MOVEMENT,9,0,0,9,0.61
10590858,UNICO - UNITED CONGRESS,1,0,0,1,0.07
10590869,ANC - AFRICAN NATIONAL CONGRESS,638,0,0,638,75.68
10590869,DA - DEMOCRATIC ALLIANCE,115,0,0,115,13.64
10590869,EFF - ECONOMIC FREEDOM FIGHTERS,42,0,0,42,4.98
10590869,AIC - AFRICAN INDEPENDENT CONGRESS,29,0,0,29,3.44
10590869,COPE - CONGRESS  OF THE PEOPLE,6,0,0,6,0.71
10590869,PAC - PAN AFRICANIST CONGRESS OF AZANIA,0,0,0,0,0
10590869,UFEC - UNITED FRONT OF THE EASTERN CAPE,2,0,0,2,0.24
10590869,ACDP - AFRICAN CHRISTIAN DEMOCRATIC PARTY,0,0,0,0,0
10590869,PAL - PEOPLES ALLIANCE,0,0,0,0,0
10590869,PAM - PAN AFRICANIST MOVEMENT,4,0,0,4,0.47
10590869,UDM - UNITED DEMOCRATIC MOVEMENT,7,0,0,7,0.83
10590869,UNICO - UNITED CONGRESS,0,0,0,0,0
10591297,DA - DEMOCRATIC ALLIANCE,193,0,0,193,59.57
10591297,ANC - AFRICAN NATIONAL CONGRESS,86,0,0,86,26.54
10591297,EFF - ECONOMIC FREEDOM FIGHTERS,30,0,0,30,9.26
10591297,ACDP - AFRICAN CHRISTIAN DEMOCRATIC PARTY,2,0,0,2,0.62
10591297,AIC - AFRICAN INDEPENDENT CONGRESS,3,0,0,3,0.93
10591297,PAC - PAN AFRICANIST CONGRESS OF AZANIA,1,0,0,1,0.31
10591297,COPE - CONGRESS  OF THE PEOPLE,1,0,0,1,0.31
10591297,PAL - PEOPLES ALLIANCE,0,0,0,0,0
10591297,PAM - PAN AFRICANIST MOVEMENT,0,0,0,0,0
10591297,UDM - UNITED DEMOCRATIC MOVEMENT,8,0,0,8,2.47
10591297,UFEC - UNITED FRONT OF THE EASTERN CAPE,0,0,0,0,0
10591297,UNICO - UNITED CONGRESS,0,0,0,0,0
10590847,ANC - AFRICAN NATIONAL CONGRESS,366,0,0,366,85.12
10590847,EFF - ECONOMIC FREEDOM FIGHTERS,24,0,0,24,5.58
10590847,DA - DEMOCRATIC ALLIANCE,15,0,0,15,3.49
10400140,INDEPENDENT,0,0,0,0,0
10590847,AIC - AFRICAN INDEPENDENT CONGRESS,16,0,0,16,3.72
10590847,COPE - CONGRESS  OF THE PEOPLE,6,0,0,6,1.4
10590847,ACDP - AFRICAN CHRISTIAN DEMOCRATIC PARTY,0,0,0,0,0
10590847,PAC - PAN AFRICANIST CONGRESS OF AZANIA,0,0,0,0,0
10590847,PAL - PEOPLES ALLIANCE,0,0,0,0,0
10590847,PAM - PAN AFRICANIST MOVEMENT,0,0,0,0,0
10590847,UDM - UNITED DEMOCRATIC MOVEMENT,2,0,0,2,0.47
10590847,UFEC - UNITED FRONT OF THE EASTERN CAPE,1,0,0,1,0.23
10590847,UNICO - UNITED CONGRESS,0,0,0,0,0
10591017,ANC - AFRICAN NATIONAL CONGRESS,801,0,0,801,77.84
10591017,EFF - ECONOMIC FREEDOM FIGHTERS,85,0,0,85,8.26
10591017,DA - DEMOCRATIC ALLIANCE,52,0,0,52,5.05
10591017,AIC - AFRICAN INDEPENDENT CONGRESS,33,0,0,33,3.21
10591017,COPE - CONGRESS  OF THE PEOPLE,7,0,0,7,0.68
10591017,ACDP - AFRICAN CHRISTIAN DEMOCRATIC PARTY,1,0,0,1,0.1
10591017,UFEC - UNITED FRONT OF THE EASTERN CAPE,0,0,0,0,0
10591017,PAC - PAN AFRICANIST CONGRESS OF AZANIA,2,0,0,2,0.19
10591017,PAL - PEOPLES ALLIANCE,0,0,0,0,0
10591017,PAM - PAN AFRICANIST MOVEMENT,0,0,0,0,0
10591017,UDM - UNITED DEMOCRATIC MOVEMENT,48,0,0,48,4.66
10591017,UNICO - UNITED CONGRESS,0,0,0,0,0
10591039,ANC - AFRICAN NATIONAL CONGRESS,566,0,0,566,76.8
10591039,EFF - ECONOMIC FREEDOM FIGHTERS,64,0,0,64,8.68
10591039,AIC - AFRICAN INDEPENDENT CONGRESS,62,0,0,62,8.41
10591039,DA - DEMOCRATIC ALLIANCE,22,0,0,22,2.99
10591039,COPE - CONGRESS  OF THE PEOPLE,4,0,0,4,0.54
10591039,ACDP - AFRICAN CHRISTIAN DEMOCRATIC PARTY,2,0,0,2,0.27
10591039,UFEC - UNITED FRONT OF THE EASTERN CAPE,0,0,0,0,0
10591039,PAC - PAN AFRICANIST CONGRESS OF AZANIA,6,0,0,6,0.81
10591039,PAL - PEOPLES ALLIANCE,2,0,0,2,0.27
10591039,PAM - PAN AFRICANIST MOVEMENT,0,0,0,0,0
10591039,UDM - UNITED DEMOCRATIC MOVEMENT,9,0,0,9,1.22
10591039,UNICO - UNITED CONGRESS,0,0,0,0,0
10591354,ANC - AFRICAN NATIONAL CONGRESS,448,0,0,448,82.96
10591354,EFF - ECONOMIC FREEDOM FIGHTERS,40,0,0,40,7.41
10591354,DA - DEMOCRATIC ALLIANCE,20,0,0,20,3.7
10591354,AIC - AFRICAN INDEPENDENT CONGRESS,22,0,0,22,4.07
10591354,COPE - CONGRESS  OF THE PEOPLE,3,0,0,3,0.56
10591354,ACDP - AFRICAN CHRISTIAN DEMOCRATIC PARTY,0,0,0,0,0
10591354,PAC - PAN AFRICANIST CONGRESS OF AZANIA,3,0,0,3,0.56
10591354,PAL - PEOPLES ALLIANCE,0,0,0,0,0
10591354,PAM - PAN AFRICANIST MOVEMENT,0,0,0,0,0
10591354,UDM - UNITED DEMOCRATIC MOVEMENT,4,0,0,4,0.74
10620010,INDEPENDENT,0,0,0,0,0
10591354,UFEC - UNITED FRONT OF THE EASTERN CAPE,0,0,0,0,0
10591354,UNICO - UNITED CONGRESS,0,0,0,0,0
10591398,ANC - AFRICAN NATIONAL CONGRESS,575,0,0,575,85.95
10591398,EFF - ECONOMIC FREEDOM FIGHTERS,32,0,0,32,4.78
10591398,DA - DEMOCRATIC ALLIANCE,17,0,0,17,2.54
10591398,AIC - AFRICAN INDEPENDENT CONGRESS,21,0,0,21,3.14
10591398,COPE - CONGRESS  OF THE PEOPLE,3,0,0,3,0.45
10591398,ACDP - AFRICAN CHRISTIAN DEMOCRATIC PARTY,3,0,0,3,0.45
10591398,UFEC - UNITED FRONT OF THE EASTERN CAPE,0,0,0,0,0
10591398,PAC - PAN AFRICANIST CONGRESS OF AZANIA,5,0,0,5,0.75
10591398,PAL - PEOPLES ALLIANCE,0,0,0,0,0
10591398,PAM - PAN AFRICANIST MOVEMENT,0,0,0,0,0
10591398,UDM - UNITED DEMOCRATIC MOVEMENT,13,0,0,13,1.94
10591398,UNICO - UNITED CONGRESS,0,0,0,0,0
10590656,ANC - AFRICAN NATIONAL CONGRESS,483,0,0,483,47.68
10590656,DA - DEMOCRATIC ALLIANCE,302,0,0,302,29.81
10590656,EFF - ECONOMIC FREEDOM FIGHTERS,145,0,0,145,14.31
10590656,ACDP - AFRICAN CHRISTIAN DEMOCRATIC PARTY,17,0,0,17,1.68
10590656,AIC - AFRICAN INDEPENDENT CONGRESS,18,0,0,18,1.78
10590656,COPE - CONGRESS  OF THE PEOPLE,2,0,0,2,0.2
10590656,UFEC - UNITED FRONT OF THE EASTERN CAPE,1,0,0,1,0.1
10590656,PAC - PAN AFRICANIST CONGRESS OF AZANIA,8,0,0,8,0.79
10590656,PAL - PEOPLES ALLIANCE,0,0,0,0,0
10590656,PAM - PAN AFRICANIST MOVEMENT,0,0,0,0,0
10590656,UDM - UNITED DEMOCRATIC MOVEMENT,37,0,0,37,3.65
10590656,UNICO - UNITED CONGRESS,0,0,0,0,0
10590667,ANC - AFRICAN NATIONAL CONGRESS,663,0,0,663,45.13
10590667,DA - DEMOCRATIC ALLIANCE,512,0,0,512,34.85
10590667,EFF - ECONOMIC FREEDOM FIGHTERS,196,0,0,196,13.34
10590667,ACDP - AFRICAN CHRISTIAN DEMOCRATIC PARTY,18,0,0,18,1.23
10590667,AIC - AFRICAN INDEPENDENT CONGRESS,13,0,0,13,0.88
10590667,COPE - CONGRESS  OF THE PEOPLE,6,0,0,6,0.41
10590667,UFEC - UNITED FRONT OF THE EASTERN CAPE,3,0,0,3,0.2
10590667,PAC - PAN AFRICANIST CONGRESS OF AZANIA,10,0,0,10,0.68
10590667,PAL - PEOPLES ALLIANCE,0,0,0,0,0
10590667,PAM - PAN AFRICANIST MOVEMENT,2,0,0,2,0.14
10590667,UDM - UNITED DEMOCRATIC MOVEMENT,46,0,0,46,3.13
10590667,UNICO - UNITED CONGRESS,0,0,0,0,0
10591107,ANC - AFRICAN NATIONAL CONGRESS,388,0,0,388,44.7
10591107,DA - DEMOCRATIC ALLIANCE,334,0,0,334,38.48
10591107,EFF - ECONOMIC FREEDOM FIGHTERS,101,0,0,101,11.64
10591107,ACDP - AFRICAN CHRISTIAN DEMOCRATIC PARTY,11,0,0,11,1.27
10591107,AIC - AFRICAN INDEPENDENT CONGRESS,6,0,0,6,0.69
10591107,COPE - CONGRESS  OF THE PEOPLE,5,0,0,5,0.58
10591107,UFEC - UNITED FRONT OF THE EASTERN CAPE,0,0,0,0,0
10591107,PAC - PAN AFRICANIST CONGRESS OF AZANIA,5,0,0,5,0.58
10591107,PAL - PEOPLES ALLIANCE,0,0,0,0,0
10591107,PAM - PAN AFRICANIST MOVEMENT,1,0,0,1,0.12
10591107,UDM - UNITED DEMOCRATIC MOVEMENT,17,0,0,17,1.96
10591107,UNICO - UNITED CONGRESS,0,0,0,0,0
10590522,DA - DEMOCRATIC ALLIANCE,1319,0,0,1319,82.18
10590522,ANC - AFRICAN NATIONAL CONGRESS,185,0,0,185,11.53
10590522,EFF - ECONOMIC FREEDOM FIGHTERS,41,0,0,41,2.55
10590522,ACDP - AFRICAN CHRISTIAN DEMOCRATIC PARTY,29,0,0,29,1.81
10590522,COPE - CONGRESS  OF THE PEOPLE,5,0,0,5,0.31
10590522,AIC - AFRICAN INDEPENDENT CONGRESS,4,0,0,4,0.25
10590522,INDEPENDENT,0,0,0,0,0
10590522,UFEC - UNITED FRONT OF THE EASTERN CAPE,1,0,0,1,0.06
10590522,PAC - PAN AFRICANIST CONGRESS OF AZANIA,0,0,0,0,0
10590522,PAL - PEOPLES ALLIANCE,1,0,0,1,0.06
10590522,PAM - PAN AFRICANIST MOVEMENT,0,0,0,0,0
10590522,UDM - UNITED DEMOCRATIC MOVEMENT,20,0,0,20,1.25
10590522,UNICO - UNITED CONGRESS,0,0,0,0,0
10590678,DA - DEMOCRATIC ALLIANCE,1558,0,0,1558,89.23
10590678,ANC - AFRICAN NATIONAL CONGRESS,91,0,0,91,5.21
10590678,ACDP - AFRICAN CHRISTIAN DEMOCRATIC PARTY,38,0,0,38,2.18
10590678,EFF - ECONOMIC FREEDOM FIGHTERS,26,0,0,26,1.49
10590678,COPE - CONGRESS  OF THE PEOPLE,3,0,0,3,0.17
10590678,AIC - AFRICAN INDEPENDENT CONGRESS,2,0,0,2,0.11
10590678,UFEC - UNITED FRONT OF THE EASTERN CAPE,1,0,0,1,0.06
10590678,INDEPENDENT,0,0,0,0,0
10590678,PAC - PAN AFRICANIST CONGRESS OF AZANIA,4,0,0,4,0.23
10590678,PAL - PEOPLES ALLIANCE,1,0,0,1,0.06
10590678,PAM - PAN AFRICANIST MOVEMENT,0,0,0,0,0
10590678,UDM - UNITED DEMOCRATIC MOVEMENT,22,0,0,22,1.26
10590678,UNICO - UNITED CONGRESS,0,0,0,0,0
10590780,DA - DEMOCRATIC ALLIANCE,1691,0,0,1691,82.65
10590780,ANC - AFRICAN NATIONAL CONGRESS,231,0,0,231,11.29
10590780,EFF - ECONOMIC FREEDOM FIGHTERS,64,0,0,64,3.13
10590780,ACDP - AFRICAN CHRISTIAN DEMOCRATIC PARTY,26,0,0,26,1.27
10590780,AIC - AFRICAN INDEPENDENT CONGRESS,6,0,0,6,0.29
10590780,COPE - CONGRESS  OF THE PEOPLE,4,0,0,4,0.2
10590780,INDEPENDENT,0,0,0,0,0
10590780,PAC - PAN AFRICANIST CONGRESS OF AZANIA,1,0,0,1,0.05
10590780,PAL - PEOPLES ALLIANCE,0,0,0,0,0
10590780,PAM - PAN AFRICANIST MOVEMENT,0,0,0,0,0
10590780,UDM - UNITED DEMOCRATIC MOVEMENT,21,0,0,21,1.03
10590780,UFEC - UNITED FRONT OF THE EASTERN CAPE,1,0,0,1,0.05
10590780,UNICO - UNITED CONGRESS,1,0,0,1,0.05
10591141,DA - DEMOCRATIC ALLIANCE,594,0,0,594,77.14
10591141,ANC - AFRICAN NATIONAL CONGRESS,123,0,0,123,15.97
10591141,EFF - ECONOMIC FREEDOM FIGHTERS,28,0,0,28,3.64
10591141,INDEPENDENT,0,0,0,0,0
10591141,ACDP - AFRICAN CHRISTIAN DEMOCRATIC PARTY,11,0,0,11,1.43
10591141,AIC - AFRICAN INDEPENDENT CONGRESS,5,0,0,5,0.65
10591141,COPE - CONGRESS  OF THE PEOPLE,2,0,0,2,0.26
10591141,PAC - PAN AFRICANIST CONGRESS OF AZANIA,2,0,0,2,0.26
10591141,PAL - PEOPLES ALLIANCE,0,0,0,0,0
10591141,PAM - PAN AFRICANIST MOVEMENT,0,0,0,0,0
10591141,UDM - UNITED DEMOCRATIC MOVEMENT,5,0,0,5,0.65
10591141,UFEC - UNITED FRONT OF THE EASTERN CAPE,0,0,0,0,0
10591141,UNICO - UNITED CONGRESS,0,0,0,0,0
10590498,ANC - AFRICAN NATIONAL CONGRESS,661,0,0,661,71.54
10590498,EFF - ECONOMIC FREEDOM FIGHTERS,106,0,0,106,11.47
10590498,DA - DEMOCRATIC ALLIANCE,66,0,0,66,7.14
10590498,AIC - AFRICAN INDEPENDENT CONGRESS,37,0,0,37,4
10590498,UFEC - UNITED FRONT OF THE EASTERN CAPE,17,0,0,17,1.84
10590498,PAC - PAN AFRICANIST CONGRESS OF AZANIA,9,0,0,9,0.97
10590498,COPE - CONGRESS  OF THE PEOPLE,15,0,0,15,1.62
10590498,ACDP - AFRICAN CHRISTIAN DEMOCRATIC PARTY,0,0,0,0,0
10590498,PAL - PEOPLES ALLIANCE,0,0,0,0,0
10590498,PAM - PAN AFRICANIST MOVEMENT,0,0,0,0,0
10590498,UDM - UNITED DEMOCRATIC MOVEMENT,13,0,0,13,1.41
10590498,UNICO - UNITED CONGRESS,0,0,0,0,0
10590892,ANC - AFRICAN NATIONAL CONGRESS,674,0,0,674,74.97
10590892,EFF - ECONOMIC FREEDOM FIGHTERS,107,0,0,107,11.9
10590892,DA - DEMOCRATIC ALLIANCE,42,0,0,42,4.67
10590892,AIC - AFRICAN INDEPENDENT CONGRESS,43,0,0,43,4.78
10590892,COPE - CONGRESS  OF THE PEOPLE,10,0,0,10,1.11
10590892,ACDP - AFRICAN CHRISTIAN DEMOCRATIC PARTY,4,0,0,4,0.44
10590892,PAC - PAN AFRICANIST CONGRESS OF AZANIA,4,0,0,4,0.44
10590892,UFEC - UNITED FRONT OF THE EASTERN CAPE,1,0,0,1,0.11
10590892,PAL - PEOPLES ALLIANCE,1,0,0,1,0.11
10590892,PAM - PAN AFRICANIST MOVEMENT,1,0,0,1,0.11
10590892,UDM - UNITED DEMOCRATIC MOVEMENT,12,0,0,12,1.33
10590892,UNICO - UNITED CONGRESS,0,0,0,0,0
10590904,ANC - AFRICAN NATIONAL CONGRESS,1263,0,0,1263,70.88
10590904,EFF - ECONOMIC FREEDOM FIGHTERS,226,0,0,226,12.68
10590904,DA - DEMOCRATIC ALLIANCE,99,0,0,99,5.56
10590904,AIC - AFRICAN INDEPENDENT CONGRESS,98,0,0,98,5.5
10840575,INDEPENDENT,0,0,0,0,0
10590904,UFEC - UNITED FRONT OF THE EASTERN CAPE,23,0,0,23,1.29
10590904,PAC - PAN AFRICANIST CONGRESS OF AZANIA,16,0,0,16,0.9
10590904,COPE - CONGRESS  OF THE PEOPLE,18,0,0,18,1.01
10590904,ACDP - AFRICAN CHRISTIAN DEMOCRATIC PARTY,12,0,0,12,0.67
10590904,PAL - PEOPLES ALLIANCE,1,0,0,1,0.06
10590904,PAM - PAN AFRICANIST MOVEMENT,0,0,0,0,0
10590904,UDM - UNITED DEMOCRATIC MOVEMENT,24,0,0,24,1.35
10590904,UNICO - UNITED CONGRESS,2,0,0,2,0.11
10591208,ANC - AFRICAN NATIONAL CONGRESS,447,0,0,447,69.3
10591208,EFF - ECONOMIC FREEDOM FIGHTERS,110,0,0,110,17.05
10591208,DA - DEMOCRATIC ALLIANCE,31,0,0,31,4.81
10591208,AIC - AFRICAN INDEPENDENT CONGRESS,30,0,0,30,4.65
10591208,COPE - CONGRESS  OF THE PEOPLE,11,0,0,11,1.71
10591208,ACDP - AFRICAN CHRISTIAN DEMOCRATIC PARTY,3,0,0,3,0.47
10591208,UFEC - UNITED FRONT OF THE EASTERN CAPE,3,0,0,3,0.47
10591208,PAC - PAN AFRICANIST CONGRESS OF AZANIA,3,0,0,3,0.47
10591208,PAL - PEOPLES ALLIANCE,0,0,0,0,0
10591208,PAM - PAN AFRICANIST MOVEMENT,0,0,0,0,0
10591208,UDM - UNITED DEMOCRATIC MOVEMENT,7,0,0,7,1.09
10591208,UNICO - UNITED CONGRESS,0,0,0,0,0
10591365,ANC - AFRICAN NATIONAL CONGRESS,368,0,0,368,63.56
10591365,EFF - ECONOMIC FREEDOM FIGHTERS,105,0,0,105,18.13
10591365,DA - DEMOCRATIC ALLIANCE,47,0,0,47,8.12
10591365,AIC - AFRICAN INDEPENDENT CONGRESS,14,0,0,14,2.42
10591365,ACDP - AFRICAN CHRISTIAN DEMOCRATIC PARTY,4,0,0,4,0.69
10591365,COPE - CONGRESS  OF THE PEOPLE,2,0,0,2,0.35
10591365,PAC - PAN AFRICANIST CONGRESS OF AZANIA,0,0,0,0,0
10591365,UFEC - UNITED FRONT OF THE EASTERN CAPE,3,0,0,3,0.52
10591365,PAL - PEOPLES ALLIANCE,0,0,0,0,0
10591365,PAM - PAN AFRICANIST MOVEMENT,1,0,0,1,0.17
10591365,UDM - UNITED DEMOCRATIC MOVEMENT,34,0,0,34,5.87
10591365,UNICO - UNITED CONGRESS,1,0,0,1,0.17
10591387,ANC - AFRICAN NATIONAL CONGRESS,179,0,0,179,75.21
10591387,EFF - ECONOMIC FREEDOM FIGHTERS,23,0,0,23,9.66
10591387,AIC - AFRICAN INDEPENDENT CONGRESS,15,0,0,15,6.3
10591387,DA - DEMOCRATIC ALLIANCE,17,0,0,17,7.14
10591387,PAC - PAN AFRICANIST CONGRESS OF AZANIA,0,0,0,0,0
10591387,UFEC - UNITED FRONT OF THE EASTERN CAPE,2,0,0,2,0.84
10591387,ACDP - AFRICAN CHRISTIAN DEMOCRATIC PARTY,0,0,0,0,0
10591387,COPE - CONGRESS  OF THE PEOPLE,1,0,0,1,0.42
10591387,PAL - PEOPLES ALLIANCE,0,0,0,0,0
10591387,PAM - PAN AFRICANIST MOVEMENT,0,0,0,0,0
10591387,UDM - UNITED DEMOCRATIC MOVEMENT,1,0,0,1,0.42
10591387,UNICO - UNITED CONGRESS,0,0,0,0,0
10590601,ANC - AFRICAN NATIONAL CONGRESS,849,0,0,849,76.49
10590601,EFF - ECONOMIC FREEDOM FIGHTERS,82,0,0,82,7.39
10590601,AIC - AFRICAN INDEPENDENT CONGRESS,96,0,0,96,8.65
10590601,DA - DEMOCRATIC ALLIANCE,46,0,0,46,4.14
10590601,UFEC - UNITED FRONT OF THE EASTERN CAPE,2,0,0,2,0.18
10590601,ACDP - AFRICAN CHRISTIAN DEMOCRATIC PARTY,2,0,0,2,0.18
10590601,COPE - CONGRESS  OF THE PEOPLE,16,0,0,16,1.44
10590601,PAC - PAN AFRICANIST CONGRESS OF AZANIA,0,0,0,0,0
10590601,PAL - PEOPLES ALLIANCE,0,0,0,0,0
10590601,PAM - PAN AFRICANIST MOVEMENT,3,0,0,3,0.27
10590601,UDM - UNITED DEMOCRATIC MOVEMENT,11,0,0,11,0.99
10590601,UNICO - UNITED CONGRESS,3,0,0,3,0.27
10590803,ANC - AFRICAN NATIONAL CONGRESS,857,0,0,857,68.18
10590803,DA - DEMOCRATIC ALLIANCE,239,0,0,239,19.01
10590803,AIC - AFRICAN INDEPENDENT CONGRESS,74,0,0,74,5.89
10590803,EFF - ECONOMIC FREEDOM FIGHTERS,61,0,0,61,4.85
10590803,UFEC - UNITED FRONT OF THE EASTERN CAPE,3,0,0,3,0.24
10590803,COPE - CONGRESS  OF THE PEOPLE,5,0,0,5,0.4
10590803,ACDP - AFRICAN CHRISTIAN DEMOCRATIC PARTY,3,0,0,3,0.24
10590803,PAC - PAN AFRICANIST CONGRESS OF AZANIA,4,0,0,4,0.32
10590803,PAL - PEOPLES ALLIANCE,0,0,0,0,0
10590803,PAM - PAN AFRICANIST MOVEMENT,1,0,0,1,0.08
10590803,UDM - UNITED DEMOCRATIC MOVEMENT,10,0,0,10,0.8
10590803,UNICO - UNITED CONGRESS,0,0,0,0,0
10590814,DA - DEMOCRATIC ALLIANCE,827,0,0,827,81.64
10590814,ANC - AFRICAN NATIONAL CONGRESS,151,0,0,151,14.91
10590814,EFF - ECONOMIC FREEDOM FIGHTERS,8,0,0,8,0.79
10590814,AIC - AFRICAN INDEPENDENT CONGRESS,14,0,0,14,1.38
10590814,ACDP - AFRICAN CHRISTIAN DEMOCRATIC PARTY,8,0,0,8,0.79
10590814,COPE - CONGRESS  OF THE PEOPLE,0,0,0,0,0
10590814,PAC - PAN AFRICANIST CONGRESS OF AZANIA,2,0,0,2,0.2
10590814,PAL - PEOPLES ALLIANCE,0,0,0,0,0
10590814,PAM - PAN AFRICANIST MOVEMENT,0,0,0,0,0
10590814,UDM - UNITED DEMOCRATIC MOVEMENT,3,0,0,3,0.3
10590814,UFEC - UNITED FRONT OF THE EASTERN CAPE,0,0,0,0,0
10590814,UNICO - UNITED CONGRESS,0,0,0,0,0
10590915,DA - DEMOCRATIC ALLIANCE,595,0,0,595,57.49
10590915,ANC - AFRICAN NATIONAL CONGRESS,348,0,0,348,33.62
10590915,AIC - AFRICAN INDEPENDENT CONGRESS,45,0,0,45,4.35
10590915,EFF - ECONOMIC FREEDOM FIGHTERS,25,0,0,25,2.42
10590915,ACDP - AFRICAN CHRISTIAN DEMOCRATIC PARTY,7,0,0,7,0.68
10590915,COPE - CONGRESS  OF THE PEOPLE,6,0,0,6,0.58
10590915,UFEC - UNITED FRONT OF THE EASTERN CAPE,1,0,0,1,0.1
10590915,PAC - PAN AFRICANIST CONGRESS OF AZANIA,1,0,0,1,0.1
10590915,PAL - PEOPLES ALLIANCE,1,0,0,1,0.1
10590915,PAM - PAN AFRICANIST MOVEMENT,1,0,0,1,0.1
10590915,UDM - UNITED DEMOCRATIC MOVEMENT,4,0,0,4,0.39
10590915,UNICO - UNITED CONGRESS,1,0,0,1,0.1
10591321,ANC - AFRICAN NATIONAL CONGRESS,72,0,0,72,71.29
10591321,EFF - ECONOMIC FREEDOM FIGHTERS,14,0,0,14,13.86
10591321,COPE - CONGRESS  OF THE PEOPLE,5,0,0,5,4.95
10591321,AIC - AFRICAN INDEPENDENT CONGRESS,4,0,0,4,3.96
10591321,DA - DEMOCRATIC ALLIANCE,2,0,0,2,1.98
10591321,ACDP - AFRICAN CHRISTIAN DEMOCRATIC PARTY,0,0,0,0,0
10591321,PAC - PAN AFRICANIST CONGRESS OF AZANIA,1,0,0,1,0.99
10591321,PAL - PEOPLES ALLIANCE,1,0,0,1,0.99
10591321,PAM - PAN AFRICANIST MOVEMENT,1,0,0,1,0.99
10591321,UDM - UNITED DEMOCRATIC MOVEMENT,1,0,0,1,0.99
10591321,UFEC - UNITED FRONT OF THE EASTERN CAPE,0,0,0,0,0
10591321,UNICO - UNITED CONGRESS,0,0,0,0,0
10590533,ANC - AFRICAN NATIONAL CONGRESS,702,0,0,702,73.82
10590533,INDEPENDENT,0,0,0,0,0
10590533,EFF - ECONOMIC FREEDOM FIGHTERS,144,0,0,144,15.14
10590533,AIC - AFRICAN INDEPENDENT CONGRESS,37,0,0,37,3.89
10590533,DA - DEMOCRATIC ALLIANCE,25,0,0,25,2.63
10590533,ACDP - AFRICAN CHRISTIAN DEMOCRATIC PARTY,9,0,0,9,0.95
10590533,COPE - CONGRESS  OF THE PEOPLE,7,0,0,7,0.74
10590533,PAC - PAN AFRICANIST CONGRESS OF AZANIA,5,0,0,5,0.53
10590533,UFEC - UNITED FRONT OF THE EASTERN CAPE,1,0,0,1,0.11
10590533,PAL - PEOPLES ALLIANCE,1,0,0,1,0.11
10590533,PAM - PAN AFRICANIST MOVEMENT,0,0,0,0,0
10590533,UDM - UNITED DEMOCRATIC MOVEMENT,19,0,0,19,2
10590533,UNICO - UNITED CONGRESS,1,0,0,1,0.11
10590544,ANC - AFRICAN NATIONAL CONGRESS,1054,0,0,1054,75.94
10590544,INDEPENDENT,0,0,0,0,0
10590544,EFF - ECONOMIC FREEDOM FIGHTERS,162,0,0,162,11.67
10590544,DA - DEMOCRATIC ALLIANCE,55,0,0,55,3.96
10590544,AIC - AFRICAN INDEPENDENT CONGRESS,57,0,0,57,4.11
10590544,PAC - PAN AFRICANIST CONGRESS OF AZANIA,13,0,0,13,0.94
10590544,ACDP - AFRICAN CHRISTIAN DEMOCRATIC PARTY,5,0,0,5,0.36
10590544,COPE - CONGRESS  OF THE PEOPLE,3,0,0,3,0.22
10590544,UFEC - UNITED FRONT OF THE EASTERN CAPE,2,0,0,2,0.14
10590544,PAL - PEOPLES ALLIANCE,1,0,0,1,0.07
10590544,PAM - PAN AFRICANIST MOVEMENT,1,0,0,1,0.07
10590544,UDM - UNITED DEMOCRATIC MOVEMENT,35,0,0,35,2.52
10590544,UNICO - UNITED CONGRESS,0,0,0,0,0
10590791,ANC - AFRICAN NATIONAL CONGRESS,773,0,0,773,76.31
10590791,INDEPENDENT,0,0,0,0,0
10590791,EFF - ECONOMIC FREEDOM FIGHTERS,110,0,0,110,10.86
10590791,AIC - AFRICAN INDEPENDENT CONGRESS,47,0,0,47,4.64
10590791,DA - DEMOCRATIC ALLIANCE,28,0,0,28,2.76
10590791,COPE - CONGRESS  OF THE PEOPLE,9,0,0,9,0.89
10590791,ACDP - AFRICAN CHRISTIAN DEMOCRATIC PARTY,3,0,0,3,0.3
10590791,PAC - PAN AFRICANIST CONGRESS OF AZANIA,5,0,0,5,0.49
10590791,PAL - PEOPLES ALLIANCE,0,0,0,0,0
10590791,PAM - PAN AFRICANIST MOVEMENT,0,0,0,0,0
10590791,UDM - UNITED DEMOCRATIC MOVEMENT,36,0,0,36,3.55
10590791,UFEC - UNITED FRONT OF THE EASTERN CAPE,2,0,0,2,0.2
10590791,UNICO - UNITED CONGRESS,0,0,0,0,0
10591006,ANC - AFRICAN NATIONAL CONGRESS,193,0,0,193,54.37
10591006,DA - DEMOCRATIC ALLIANCE,98,0,0,98,27.61
10591006,EFF - ECONOMIC FREEDOM FIGHTERS,35,0,0,35,9.86
10591006,COPE - CONGRESS  OF THE PEOPLE,8,0,0,8,2.25
10591006,AIC - AFRICAN INDEPENDENT CONGRESS,4,0,0,4,1.13
10591006,INDEPENDENT,0,0,0,0,0
10591006,PAC - PAN AFRICANIST CONGRESS OF AZANIA,5,0,0,5,1.41
10591006,ACDP - AFRICAN CHRISTIAN DEMOCRATIC PARTY,3,0,0,3,0.85
10591006,UFEC - UNITED FRONT OF THE EASTERN CAPE,0,0,0,0,0
10591006,PAL - PEOPLES ALLIANCE,0,0,0,0,0
10591006,PAM - PAN AFRICANIST MOVEMENT,0,0,0,0,0
10591006,UDM - UNITED DEMOCRATIC MOVEMENT,9,0,0,9,2.54
10591006,UNICO - UNITED CONGRESS,0,0,0,0,0
10590612,ANC - AFRICAN NATIONAL CONGRESS,392,0,0,392,60.03
10590612,INDEPENDENT,0,0,0,0,0
10590612,EFF - ECONOMIC FREEDOM FIGHTERS,56,0,0,56,8.58
10590612,DA - DEMOCRATIC ALLIANCE,48,0,0,48,7.35
10590612,PAC - PAN AFRICANIST CONGRESS OF AZANIA,36,0,0,36,5.51
10590612,AIC - AFRICAN INDEPENDENT CONGRESS,35,0,0,35,5.36
10590612,COPE - CONGRESS  OF THE PEOPLE,62,0,0,62,9.49
10590612,ACDP - AFRICAN CHRISTIAN DEMOCRATIC PARTY,1,0,0,1,0.15
10590612,UFEC - UNITED FRONT OF THE EASTERN CAPE,1,0,0,1,0.15
10590612,PAL - PEOPLES ALLIANCE,1,0,0,1,0.15
10590612,PAM - PAN AFRICANIST MOVEMENT,2,0,0,2,0.31
10590612,UDM - UNITED DEMOCRATIC MOVEMENT,18,0,0,18,2.76
10590612,UNICO - UNITED CONGRESS,1,0,0,1,0.15
10590623,ANC - AFRICAN NATIONAL CONGRESS,597,0,0,597,66.26
10590623,INDEPENDENT,0,0,0,0,0
10590623,PAC - PAN AFRICANIST CONGRESS OF AZANIA,55,0,0,55,6.1
10590623,EFF - ECONOMIC FREEDOM FIGHTERS,62,0,0,62,6.88
10590623,AIC - AFRICAN INDEPENDENT CONGRESS,40,0,0,40,4.44
10590623,DA - DEMOCRATIC ALLIANCE,21,0,0,21,2.33
10590623,COPE - CONGRESS  OF THE PEOPLE,107,0,0,107,11.88
10590623,UFEC - UNITED FRONT OF THE EASTERN CAPE,1,0,0,1,0.11
10590623,ACDP - AFRICAN CHRISTIAN DEMOCRATIC PARTY,1,0,0,1,0.11
10590623,PAL - PEOPLES ALLIANCE,1,0,0,1,0.11
10590623,PAM - PAN AFRICANIST MOVEMENT,3,0,0,3,0.33
10590623,UDM - UNITED DEMOCRATIC MOVEMENT,11,0,0,11,1.22
10590623,UNICO - UNITED CONGRESS,2,0,0,2,0.22
10590836,ANC - AFRICAN NATIONAL CONGRESS,694,0,0,694,64.68
10590836,INDEPENDENT,0,0,0,0,0
10590836,EFF - ECONOMIC FREEDOM FIGHTERS,94,0,0,94,8.76
10590836,AIC - AFRICAN INDEPENDENT CONGRESS,53,0,0,53,4.94
10590836,DA - DEMOCRATIC ALLIANCE,45,0,0,45,4.19
10590836,COPE - CONGRESS  OF THE PEOPLE,154,0,0,154,14.35
10590836,PAC - PAN AFRICANIST CONGRESS OF AZANIA,6,0,0,6,0.56
10590836,UFEC - UNITED FRONT OF THE EASTERN CAPE,2,0,0,2,0.19
10590836,ACDP - AFRICAN CHRISTIAN DEMOCRATIC PARTY,4,0,0,4,0.37
10590836,PAL - PEOPLES ALLIANCE,0,0,0,0,0
10590836,PAM - PAN AFRICANIST MOVEMENT,5,0,0,5,0.47
10590836,UDM - UNITED DEMOCRATIC MOVEMENT,13,0,0,13,1.21
10590836,UNICO - UNITED CONGRESS,3,0,0,3,0.28
10590982,DA - DEMOCRATIC ALLIANCE,682,0,0,682,53.79
10590982,ANC - AFRICAN NATIONAL CONGRESS,419,0,0,419,33.04
10590982,INDEPENDENT,0,0,0,0,0
10590982,AIC - AFRICAN INDEPENDENT CONGRESS,54,0,0,54,4.26
10590982,EFF - ECONOMIC FREEDOM FIGHTERS,45,0,0,45,3.55
10590982,COPE - CONGRESS  OF THE PEOPLE,38,0,0,38,3
10590982,ACDP - AFRICAN CHRISTIAN DEMOCRATIC PARTY,8,0,0,8,0.63
10590982,UFEC - UNITED FRONT OF THE EASTERN CAPE,2,0,0,2,0.16
10590982,PAC - PAN AFRICANIST CONGRESS OF AZANIA,1,0,0,1,0.08
10590982,PAL - PEOPLES ALLIANCE,1,0,0,1,0.08
10590982,PAM - PAN AFRICANIST MOVEMENT,6,0,0,6,0.47
10590982,UDM - UNITED DEMOCRATIC MOVEMENT,11,0,0,11,0.87
10590982,UNICO - UNITED CONGRESS,1,0,0,1,0.08
10590993,DA - DEMOCRATIC ALLIANCE,273,0,0,273,87.78
10590993,ANC - AFRICAN NATIONAL CONGRESS,28,0,0,28,9
10590993,AIC - AFRICAN INDEPENDENT CONGRESS,4,0,0,4,1.29
10590993,EFF - ECONOMIC FREEDOM FIGHTERS,3,0,0,3,0.96
10590993,INDEPENDENT,0,0,0,0,0
10590993,ACDP - AFRICAN CHRISTIAN DEMOCRATIC PARTY,2,0,0,2,0.64
10590993,COPE - CONGRESS  OF THE PEOPLE,0,0,0,0,0
10590993,UFEC - UNITED FRONT OF THE EASTERN CAPE,0,0,0,0,0
10590993,PAC - PAN AFRICANIST CONGRESS OF AZANIA,0,0,0,0,0
10590993,PAL - PEOPLES ALLIANCE,0,0,0,0,0
10590993,PAM - PAN AFRICANIST MOVEMENT,0,0,0,0,0
10590993,UDM - UNITED DEMOCRATIC MOVEMENT,1,0,0,1,0.32
10590993,UNICO - UNITED CONGRESS,0,0,0,0,0
10591118,ANC - AFRICAN NATIONAL CONGRESS,307,0,0,307,73.98
10591118,INDEPENDENT,0,0,0,0,0
10591118,DA - DEMOCRATIC ALLIANCE,25,0,0,25,6.02
10591118,EFF - ECONOMIC FREEDOM FIGHTERS,24,0,0,24,5.78
10591118,AIC - AFRICAN INDEPENDENT CONGRESS,15,0,0,15,3.61
10591118,PAC - PAN AFRICANIST CONGRESS OF AZANIA,12,0,0,12,2.89
10591118,COPE - CONGRESS  OF THE PEOPLE,19,0,0,19,4.58
10591118,UFEC - UNITED FRONT OF THE EASTERN CAPE,1,0,0,1,0.24
10591118,ACDP - AFRICAN CHRISTIAN DEMOCRATIC PARTY,1,0,0,1,0.24
10591118,PAL - PEOPLES ALLIANCE,0,0,0,0,0
10591118,PAM - PAN AFRICANIST MOVEMENT,4,0,0,4,0.96
10591118,UDM - UNITED DEMOCRATIC MOVEMENT,7,0,0,7,1.69
10591118,UNICO - UNITED CONGRESS,0,0,0,0,0
10591129,ANC - AFRICAN NATIONAL CONGRESS,278,0,0,278,62.75
10591129,INDEPENDENT,0,0,0,0,0
10591129,EFF - ECONOMIC FREEDOM FIGHTERS,38,0,0,38,8.58
10591129,DA - DEMOCRATIC ALLIANCE,14,0,0,14,3.16
10591129,PAC - PAN AFRICANIST CONGRESS OF AZANIA,12,0,0,12,2.71
10591129,AIC - AFRICAN INDEPENDENT CONGRESS,18,0,0,18,4.06
10591129,COPE - CONGRESS  OF THE PEOPLE,64,0,0,64,14.45
10591129,ACDP - AFRICAN CHRISTIAN DEMOCRATIC PARTY,4,0,0,4,0.9
10591129,UFEC - UNITED FRONT OF THE EASTERN CAPE,2,0,0,2,0.45
10591129,PAL - PEOPLES ALLIANCE,1,0,0,1,0.23
10591129,PAM - PAN AFRICANIST MOVEMENT,4,0,0,4,0.9
10591129,UDM - UNITED DEMOCRATIC MOVEMENT,6,0,0,6,1.35
10591129,UNICO - UNITED CONGRESS,2,0,0,2,0.45
10590577,DA - DEMOCRATIC ALLIANCE,636,0,0,636,53.22
10590577,ANC - AFRICAN NATIONAL CONGRESS,380,0,0,380,31.8
10590577,EFF - ECONOMIC FREEDOM FIGHTERS,108,0,0,108,9.04
10590577,UDM - UNITED DEMOCRATIC MOVEMENT,39,0,0,39,3.26
10590577,AIC - AFRICAN INDEPENDENT CONGRESS,7,0,0,7,0.59
10590577,ACDP - AFRICAN CHRISTIAN DEMOCRATIC PARTY,14,0,0,14,1.17
10590577,COPE - CONGRESS  OF THE PEOPLE,5,0,0,5,0.42
10590577,PAC - PAN AFRICANIST CONGRESS OF AZANIA,2,0,0,2,0.17
10590577,PAL - PEOPLES ALLIANCE,0,0,0,0,0
10590577,PAM - PAN AFRICANIST MOVEMENT,1,0,0,1,0.08
10590577,UFEC - UNITED FRONT OF THE EASTERN CAPE,2,0,0,2,0.17
10590577,UNICO - UNITED CONGRESS,1,0,0,1,0.08
10841239,INDEPENDENT,0,0,0,0,0
10590870,ANC - AFRICAN NATIONAL CONGRESS,1116,0,0,1116,82.18
10590870,EFF - ECONOMIC FREEDOM FIGHTERS,82,0,0,82,6.04
10590870,DA - DEMOCRATIC ALLIANCE,71,0,0,71,5.23
10590870,AIC - AFRICAN INDEPENDENT CONGRESS,58,0,0,58,4.27
10590870,UDM - UNITED DEMOCRATIC MOVEMENT,24,0,0,24,1.77
10590870,ACDP - AFRICAN CHRISTIAN DEMOCRATIC PARTY,0,0,0,0,0
10590870,COPE - CONGRESS  OF THE PEOPLE,0,0,0,0,0
10590870,PAC - PAN AFRICANIST CONGRESS OF AZANIA,4,0,0,4,0.29
10590870,PAL - PEOPLES ALLIANCE,0,0,0,0,0
10590870,PAM - PAN AFRICANIST MOVEMENT,0,0,0,0,0
10590870,UFEC - UNITED FRONT OF THE EASTERN CAPE,3,0,0,3,0.22
10590870,UNICO - UNITED CONGRESS,0,0,0,0,0
10591040,DA - DEMOCRATIC ALLIANCE,268,0,0,268,25.89
10591040,EFF - ECONOMIC FREEDOM FIGHTERS,199,0,0,199,19.23
10591040,UDM - UNITED DEMOCRATIC MOVEMENT,56,0,0,56,5.41
10591040,AIC - AFRICAN INDEPENDENT CONGRESS,17,0,0,17,1.64
10591040,ACDP - AFRICAN CHRISTIAN DEMOCRATIC PARTY,9,0,0,9,0.87
10591040,ANC - AFRICAN NATIONAL CONGRESS,481,0,0,481,46.47
10591040,COPE - CONGRESS  OF THE PEOPLE,5,0,0,5,0.48
10591040,PAC - PAN AFRICANIST CONGRESS OF AZANIA,0,0,0,0,0
10591040,PAL - PEOPLES ALLIANCE,0,0,0,0,0
10591040,PAM - PAN AFRICANIST MOVEMENT,0,0,0,0,0
10591040,UFEC - UNITED FRONT OF THE EASTERN CAPE,0,0,0,0,0
10591040,UNICO - UNITED CONGRESS,0,0,0,0,0
10591130,ANC - AFRICAN NATIONAL CONGRESS,551,0,0,551,44.04
10591130,DA - DEMOCRATIC ALLIANCE,414,0,0,414,33.09
10591130,EFF - ECONOMIC FREEDOM FIGHTERS,189,0,0,189,15.11
10591130,UDM - UNITED DEMOCRATIC MOVEMENT,53,0,0,53,4.24
10591130,ACDP - AFRICAN CHRISTIAN DEMOCRATIC PARTY,18,0,0,18,1.44
10591130,AIC - AFRICAN INDEPENDENT CONGRESS,15,0,0,15,1.2
10591130,COPE - CONGRESS  OF THE PEOPLE,4,0,0,4,0.32
10591130,PAC - PAN AFRICANIST CONGRESS OF AZANIA,4,0,0,4,0.32
10591130,PAL - PEOPLES ALLIANCE,0,0,0,0,0
10591130,PAM - PAN AFRICANIST MOVEMENT,1,0,0,1,0.08
10591130,UFEC - UNITED FRONT OF THE EASTERN CAPE,2,0,0,2,0.16
10591130,UNICO - UNITED CONGRESS,0,0,0,0,0
10590465,DA - DEMOCRATIC ALLIANCE,786,0,0,786,71.07
10590465,ANC - AFRICAN NATIONAL CONGRESS,262,0,0,262,23.69
10590465,INDEPENDENT,0,0,0,0,0
10590465,EFF - ECONOMIC FREEDOM FIGHTERS,25,0,0,25,2.26
10590465,AIC - AFRICAN INDEPENDENT CONGRESS,18,0,0,18,1.63
10590465,ACDP - AFRICAN CHRISTIAN DEMOCRATIC PARTY,11,0,0,11,0.99
10590465,COPE - CONGRESS  OF THE PEOPLE,4,0,0,4,0.36
10840508,INDEPENDENT,0,0,0,0,0
10590465,PAC - PAN AFRICANIST CONGRESS OF AZANIA,0,0,0,0,0
10590465,PAL - PEOPLES ALLIANCE,0,0,0,0,0
10590465,PAM - PAN AFRICANIST MOVEMENT,0,0,0,0,0
10590465,UDM - UNITED DEMOCRATIC MOVEMENT,0,0,0,0,0
10590465,UFEC - UNITED FRONT OF THE EASTERN CAPE,0,0,0,0,0
10590465,UNICO - UNITED CONGRESS,0,0,0,0,0
10590476,DA - DEMOCRATIC ALLIANCE,867,0,0,867,46.64
10590476,ANC - AFRICAN NATIONAL CONGRESS,833,0,0,833,44.81
10590476,INDEPENDENT,0,0,0,0,0
10590476,EFF - ECONOMIC FREEDOM FIGHTERS,88,0,0,88,4.73
10590476,AIC - AFRICAN INDEPENDENT CONGRESS,33,0,0,33,1.78
10590476,ACDP - AFRICAN CHRISTIAN DEMOCRATIC PARTY,7,0,0,7,0.38
10590476,COPE - CONGRESS  OF THE PEOPLE,16,0,0,16,0.86
10590476,PAC - PAN AFRICANIST CONGRESS OF AZANIA,4,0,0,4,0.22
10590476,PAL - PEOPLES ALLIANCE,3,0,0,3,0.16
10590476,PAM - PAN AFRICANIST MOVEMENT,0,0,0,0,0
10590476,UDM - UNITED DEMOCRATIC MOVEMENT,7,0,0,7,0.38
10590476,UFEC - UNITED FRONT OF THE EASTERN CAPE,1,0,0,1,0.05
10590476,UNICO - UNITED CONGRESS,0,0,0,0,0
10590487,ANC - AFRICAN NATIONAL CONGRESS,261,0,0,261,45.63
10590487,DA - DEMOCRATIC ALLIANCE,232,0,0,232,40.56
10590487,EFF - ECONOMIC FREEDOM FIGHTERS,44,0,0,44,7.69
10590487,AIC - AFRICAN INDEPENDENT CONGRESS,4,0,0,4,0.7
10590487,COPE - CONGRESS  OF THE PEOPLE,4,0,0,4,0.7
10590487,ACDP - AFRICAN CHRISTIAN DEMOCRATIC PARTY,5,0,0,5,0.87
10590487,PAC - PAN AFRICANIST CONGRESS OF AZANIA,2,0,0,2,0.35
10590487,INDEPENDENT,0,0,0,0,0
10590487,PAL - PEOPLES ALLIANCE,0,0,0,0,0
10590487,PAM - PAN AFRICANIST MOVEMENT,0,0,0,0,0
10590487,UDM - UNITED DEMOCRATIC MOVEMENT,17,0,0,17,2.97
10590487,UFEC - UNITED FRONT OF THE EASTERN CAPE,3,0,0,3,0.52
10590487,UNICO - UNITED CONGRESS,0,0,0,0,0
10591196,ANC - AFRICAN NATIONAL CONGRESS,616,0,0,616,77.19
10591196,EFF - ECONOMIC FREEDOM FIGHTERS,70,0,0,70,8.77
10591196,AIC - AFRICAN INDEPENDENT CONGRESS,41,0,0,41,5.14
10591196,DA - DEMOCRATIC ALLIANCE,30,0,0,30,3.76
10591196,INDEPENDENT,0,0,0,0,0
10591196,COPE - CONGRESS  OF THE PEOPLE,12,0,0,12,1.5
10591196,PAC - PAN AFRICANIST CONGRESS OF AZANIA,6,0,0,6,0.75
10591196,ACDP - AFRICAN CHRISTIAN DEMOCRATIC PARTY,1,0,0,1,0.13
10591196,PAL - PEOPLES ALLIANCE,0,0,0,0,0
10591196,PAM - PAN AFRICANIST MOVEMENT,0,0,0,0,0
10591196,UDM - UNITED DEMOCRATIC MOVEMENT,20,0,0,20,2.51
10591196,UFEC - UNITED FRONT OF THE EASTERN CAPE,2,0,0,2,0.25
10591196,UNICO - UNITED CONGRESS,0,0,0,0,0
10591219,ANC - AFRICAN NATIONAL CONGRESS,451,0,0,451,44.48
10670105,INDEPENDENT,0,0,0,0,0
10591219,DA - DEMOCRATIC ALLIANCE,434,0,0,434,42.8
10591219,INDEPENDENT,0,0,0,0,0
10591219,AIC - AFRICAN INDEPENDENT CONGRESS,36,0,0,36,3.55
10591219,EFF - ECONOMIC FREEDOM FIGHTERS,44,0,0,44,4.34
10591219,COPE - CONGRESS  OF THE PEOPLE,27,0,0,27,2.66
10591219,ACDP - AFRICAN CHRISTIAN DEMOCRATIC PARTY,4,0,0,4,0.39
10591219,PAC - PAN AFRICANIST CONGRESS OF AZANIA,1,0,0,1,0.1
10591219,PAL - PEOPLES ALLIANCE,3,0,0,3,0.3
10591219,PAM - PAN AFRICANIST MOVEMENT,1,0,0,1,0.1
10591219,UDM - UNITED DEMOCRATIC MOVEMENT,10,0,0,10,0.99
10591219,UFEC - UNITED FRONT OF THE EASTERN CAPE,2,0,0,2,0.2
10591219,UNICO - UNITED CONGRESS,1,0,0,1,0.1
10590173,ANC - AFRICAN NATIONAL CONGRESS,885,0,0,885,72.78
10590173,EFF - ECONOMIC FREEDOM FIGHTERS,198,0,0,198,16.28
10590173,INDEPENDENT,0,0,0,0,0
10590173,AIC - AFRICAN INDEPENDENT CONGRESS,69,0,0,69,5.67
10590173,DA - DEMOCRATIC ALLIANCE,32,0,0,32,2.63
10590173,PAC - PAN AFRICANIST CONGRESS OF AZANIA,0,0,0,0,0
10590173,COPE - CONGRESS  OF THE PEOPLE,0,0,0,0,0
10590173,ACDP - AFRICAN CHRISTIAN DEMOCRATIC PARTY,0,0,0,0,0
10590173,PAL - PEOPLES ALLIANCE,0,0,0,0,0
10590173,PAM - PAN AFRICANIST MOVEMENT,0,0,0,0,0
10590173,UDM - UNITED DEMOCRATIC MOVEMENT,32,0,0,32,2.63
10590173,UFEC - UNITED FRONT OF THE EASTERN CAPE,0,0,0,0,0
10590173,UNICO - UNITED CONGRESS,0,0,0,0,0
10590263,ANC - AFRICAN NATIONAL CONGRESS,529,0,0,529,70.82
10590263,INDEPENDENT,0,0,0,0,0
10590263,EFF - ECONOMIC FREEDOM FIGHTERS,83,0,0,83,11.11
10590263,AIC - AFRICAN INDEPENDENT CONGRESS,49,0,0,49,6.56
10590263,DA - DEMOCRATIC ALLIANCE,26,0,0,26,3.48
10590263,PAC - PAN AFRICANIST CONGRESS OF AZANIA,19,0,0,19,2.54
10590263,COPE - CONGRESS  OF THE PEOPLE,6,0,0,6,0.8
10590263,ACDP - AFRICAN CHRISTIAN DEMOCRATIC PARTY,1,0,0,1,0.13
10590263,PAL - PEOPLES ALLIANCE,0,0,0,0,0
10590263,PAM - PAN AFRICANIST MOVEMENT,1,0,0,1,0.13
10590263,UDM - UNITED DEMOCRATIC MOVEMENT,27,0,0,27,3.61
10590263,UFEC - UNITED FRONT OF THE EASTERN CAPE,2,0,0,2,0.27
10590263,UNICO - UNITED CONGRESS,4,0,0,4,0.54
10590274,ANC - AFRICAN NATIONAL CONGRESS,1139,0,0,1139,79.04
10590274,EFF - ECONOMIC FREEDOM FIGHTERS,145,0,0,145,10.06
10590274,AIC - AFRICAN INDEPENDENT CONGRESS,78,0,0,78,5.41
10590274,DA - DEMOCRATIC ALLIANCE,40,0,0,40,2.78
10590274,PAC - PAN AFRICANIST CONGRESS OF AZANIA,12,0,0,12,0.83
10590274,INDEPENDENT,0,0,0,0,0
10590274,COPE - CONGRESS  OF THE PEOPLE,11,0,0,11,0.76
10590274,ACDP - AFRICAN CHRISTIAN DEMOCRATIC PARTY,1,0,0,1,0.07
10590274,PAL - PEOPLES ALLIANCE,1,0,0,1,0.07
10590274,PAM - PAN AFRICANIST MOVEMENT,1,0,0,1,0.07
10590274,UDM - UNITED DEMOCRATIC MOVEMENT,11,0,0,11,0.76
10590274,UFEC - UNITED FRONT OF THE EASTERN CAPE,2,0,0,2,0.14
10590274,UNICO - UNITED CONGRESS,0,0,0,0,0
10591231,ANC - AFRICAN NATIONAL CONGRESS,427,0,0,427,70.46
10591231,EFF - ECONOMIC FREEDOM FIGHTERS,109,0,0,109,17.99
10591231,AIC - AFRICAN INDEPENDENT CONGRESS,36,0,0,36,5.94
10591231,DA - DEMOCRATIC ALLIANCE,26,0,0,26,4.29
10591231,INDEPENDENT,0,0,0,0,0
10591231,ACDP - AFRICAN CHRISTIAN DEMOCRATIC PARTY,0,0,0,0,0
10591231,PAC - PAN AFRICANIST CONGRESS OF AZANIA,1,0,0,1,0.17
10591231,COPE - CONGRESS  OF THE PEOPLE,2,0,0,2,0.33
10591231,PAL - PEOPLES ALLIANCE,0,0,0,0,0
10591231,PAM - PAN AFRICANIST MOVEMENT,0,0,0,0,0
10591231,UDM - UNITED DEMOCRATIC MOVEMENT,2,0,0,2,0.33
10591231,UFEC - UNITED FRONT OF THE EASTERN CAPE,3,0,0,3,0.5
10591231,UNICO - UNITED CONGRESS,0,0,0,0,0
10591422,ANC - AFRICAN NATIONAL CONGRESS,136,0,0,136,82.42
10591422,EFF - ECONOMIC FREEDOM FIGHTERS,22,0,0,22,13.33
10591422,AIC - AFRICAN INDEPENDENT CONGRESS,4,0,0,4,2.42
10591422,DA - DEMOCRATIC ALLIANCE,1,0,0,1,0.61
10591422,PAC - PAN AFRICANIST CONGRESS OF AZANIA,0,0,0,0,0
10591422,ACDP - AFRICAN CHRISTIAN DEMOCRATIC PARTY,0,0,0,0,0
10591422,COPE - CONGRESS  OF THE PEOPLE,0,0,0,0,0
10591422,INDEPENDENT,0,0,0,0,0
10591422,PAL - PEOPLES ALLIANCE,0,0,0,0,0
10591422,PAM - PAN AFRICANIST MOVEMENT,2,0,0,2,1.21
10591422,UDM - UNITED DEMOCRATIC MOVEMENT,0,0,0,0,0
10591422,UFEC - UNITED FRONT OF THE EASTERN CAPE,0,0,0,0,0
10591422,UNICO - UNITED CONGRESS,0,0,0,0,0
10590128,ANC - AFRICAN NATIONAL CONGRESS,673,0,0,673,71.29
10590128,EFF - ECONOMIC FREEDOM FIGHTERS,107,0,0,107,11.33
10590128,COPE - CONGRESS  OF THE PEOPLE,41,0,0,41,4.34
10590128,DA - DEMOCRATIC ALLIANCE,41,0,0,41,4.34
10590128,AIC - AFRICAN INDEPENDENT CONGRESS,45,0,0,45,4.77
10590128,UFEC - UNITED FRONT OF THE EASTERN CAPE,14,0,0,14,1.48
10590128,ACDP - AFRICAN CHRISTIAN DEMOCRATIC PARTY,0,0,0,0,0
10590128,PAC - PAN AFRICANIST CONGRESS OF AZANIA,7,0,0,7,0.74
10590128,PAL - PEOPLES ALLIANCE,0,0,0,0,0
10590128,PAM - PAN AFRICANIST MOVEMENT,0,0,0,0,0
10590128,UDM - UNITED DEMOCRATIC MOVEMENT,16,0,0,16,1.69
10590128,UNICO - UNITED CONGRESS,0,0,0,0,0
10590218,ANC - AFRICAN NATIONAL CONGRESS,985,0,0,985,85.5
10590218,EFF - ECONOMIC FREEDOM FIGHTERS,83,0,0,83,7.2
10590218,DA - DEMOCRATIC ALLIANCE,0,0,0,0,0
10590218,AIC - AFRICAN INDEPENDENT CONGRESS,44,0,0,44,3.82
10590218,UFEC - UNITED FRONT OF THE EASTERN CAPE,7,0,0,7,0.61
10590218,ACDP - AFRICAN CHRISTIAN DEMOCRATIC PARTY,1,0,0,1,0.09
10590218,COPE - CONGRESS  OF THE PEOPLE,19,0,0,19,1.65
10590218,PAC - PAN AFRICANIST CONGRESS OF AZANIA,0,0,0,0,0
10590218,PAL - PEOPLES ALLIANCE,0,0,0,0,0
10590218,PAM - PAN AFRICANIST MOVEMENT,3,0,0,3,0.26
10590218,UDM - UNITED DEMOCRATIC MOVEMENT,10,0,0,10,0.87
10590218,UNICO - UNITED CONGRESS,0,0,0,0,0
10590229,ANC - AFRICAN NATIONAL CONGRESS,1236,0,0,1236,80.31
10590229,EFF - ECONOMIC FREEDOM FIGHTERS,148,0,0,148,9.62
10590229,AIC - AFRICAN INDEPENDENT CONGRESS,81,0,0,81,5.26
10590229,DA - DEMOCRATIC ALLIANCE,49,0,0,49,3.18
10590229,COPE - CONGRESS  OF THE PEOPLE,7,0,0,7,0.45
10590229,UFEC - UNITED FRONT OF THE EASTERN CAPE,3,0,0,3,0.19
10590229,ACDP - AFRICAN CHRISTIAN DEMOCRATIC PARTY,0,0,0,0,0
10590229,PAC - PAN AFRICANIST CONGRESS OF AZANIA,7,0,0,7,0.45
10590229,PAL - PEOPLES ALLIANCE,0,0,0,0,0
10590229,PAM - PAN AFRICANIST MOVEMENT,1,0,0,1,0.06
10590229,UDM - UNITED DEMOCRATIC MOVEMENT,7,0,0,7,0.45
10590229,UNICO - UNITED CONGRESS,0,0,0,0,0
10591242,ANC - AFRICAN NATIONAL CONGRESS,381,0,0,381,73.84
10591242,EFF - ECONOMIC FREEDOM FIGHTERS,50,0,0,50,9.69
10591242,AIC - AFRICAN INDEPENDENT CONGRESS,39,0,0,39,7.56
10591242,DA - DEMOCRATIC ALLIANCE,25,0,0,25,4.84
10591242,COPE - CONGRESS  OF THE PEOPLE,8,0,0,8,1.55
10591242,ACDP - AFRICAN CHRISTIAN DEMOCRATIC PARTY,4,0,0,4,0.78
10591242,UFEC - UNITED FRONT OF THE EASTERN CAPE,0,0,0,0,0
10591242,PAC - PAN AFRICANIST CONGRESS OF AZANIA,3,0,0,3,0.58
10591242,PAL - PEOPLES ALLIANCE,0,0,0,0,0
10591242,PAM - PAN AFRICANIST MOVEMENT,1,0,0,1,0.19
10591242,UDM - UNITED DEMOCRATIC MOVEMENT,4,0,0,4,0.78
10591242,UNICO - UNITED CONGRESS,1,0,0,1,0.19
10820607,ANC - AFRICAN NATIONAL CONGRESS,149,0,0,149,78.42
10820607,EFF - ECONOMIC FREEDOM FIGHTERS,14,0,0,14,7.37
10820607,DA - DEMOCRATIC ALLIANCE,8,0,0,8,4.21
10820607,AIC - AFRICAN INDEPENDENT CONGRESS,13,0,0,13,6.84
10820607,COPE - CONGRESS  OF THE PEOPLE,2,0,0,2,1.05
10820607,ACDP - AFRICAN CHRISTIAN DEMOCRATIC PARTY,0,0,0,0,0
10820607,PAC - PAN AFRICANIST CONGRESS OF AZANIA,0,0,0,0,0
10820607,PAL - PEOPLES ALLIANCE,0,0,0,0,0
10820607,PAM - PAN AFRICANIST MOVEMENT,0,0,0,0,0
10820607,UDM - UNITED DEMOCRATIC MOVEMENT,4,0,0,4,2.11
10820607,UFEC - UNITED FRONT OF THE EASTERN CAPE,0,0,0,0,0
10820607,UNICO - UNITED CONGRESS,0,0,0,0,0
10590511,ANC - AFRICAN NATIONAL CONGRESS,490,0,0,490,76.8
10590511,INDEPENDENT,0,0,0,0,0
10590511,EFF - ECONOMIC FREEDOM FIGHTERS,56,0,0,56,8.78
10590511,DA - DEMOCRATIC ALLIANCE,39,0,0,39,6.11
10590511,AIC - AFRICAN INDEPENDENT CONGRESS,25,0,0,25,3.92
10590511,ACDP - AFRICAN CHRISTIAN DEMOCRATIC PARTY,2,0,0,2,0.31
10590511,COPE - CONGRESS  OF THE PEOPLE,5,0,0,5,0.78
10590511,PAC - PAN AFRICANIST CONGRESS OF AZANIA,3,0,0,3,0.47
10590511,PAM - PAN AFRICANIST MOVEMENT,3,0,0,3,0.47
10590511,PAL - PEOPLES ALLIANCE,3,0,0,3,0.47
10590511,UDM - UNITED DEMOCRATIC MOVEMENT,10,0,0,10,1.57
10590511,UFEC - UNITED FRONT OF THE EASTERN CAPE,2,0,0,2,0.31
10590511,UNICO - UNITED CONGRESS,0,0,0,0,0
10590599,ANC - AFRICAN NATIONAL CONGRESS,287,0,0,287,74.93
10590599,INDEPENDENT,0,0,0,0,0
10590599,EFF - ECONOMIC FREEDOM FIGHTERS,40,0,0,40,10.44
10590599,AIC - AFRICAN INDEPENDENT CONGRESS,28,0,0,28,7.31
10590599,DA - DEMOCRATIC ALLIANCE,9,0,0,9,2.35
10590599,ACDP - AFRICAN CHRISTIAN DEMOCRATIC PARTY,1,0,0,1,0.26
10590599,COPE - CONGRESS  OF THE PEOPLE,6,0,0,6,1.57
10590599,UNICO - UNITED CONGRESS,0,0,0,0,0
10590599,PAC - PAN AFRICANIST CONGRESS OF AZANIA,2,0,0,2,0.52
10590599,PAL - PEOPLES ALLIANCE,2,0,0,2,0.52
10590599,PAM - PAN AFRICANIST MOVEMENT,1,0,0,1,0.26
10590599,UDM - UNITED DEMOCRATIC MOVEMENT,4,0,0,4,1.04
10590599,UFEC - UNITED FRONT OF THE EASTERN CAPE,3,0,0,3,0.78
10591163,ANC - AFRICAN NATIONAL CONGRESS,550,0,0,550,79.37
10591163,EFF - ECONOMIC FREEDOM FIGHTERS,72,0,0,72,10.39
10591163,AIC - AFRICAN INDEPENDENT CONGRESS,45,0,0,45,6.49
10591163,DA - DEMOCRATIC ALLIANCE,13,0,0,13,1.88
10591163,INDEPENDENT,0,0,0,0,0
10591163,PAC - PAN AFRICANIST CONGRESS OF AZANIA,3,0,0,3,0.43
10591163,COPE - CONGRESS  OF THE PEOPLE,3,0,0,3,0.43
10591163,ACDP - AFRICAN CHRISTIAN DEMOCRATIC PARTY,3,0,0,3,0.43
10591163,UNICO - UNITED CONGRESS,1,0,0,1,0.14
10591163,PAL - PEOPLES ALLIANCE,0,0,0,0,0
10591163,PAM - PAN AFRICANIST MOVEMENT,0,0,0,0,0
10591163,UDM - UNITED DEMOCRATIC MOVEMENT,3,0,0,3,0.43
10591163,UFEC - UNITED FRONT OF THE EASTERN CAPE,0,0,0,0,0
10591174,ANC - AFRICAN NATIONAL CONGRESS,201,0,0,201,68.14
10591174,INDEPENDENT,0,0,0,0,0
10591174,EFF - ECONOMIC FREEDOM FIGHTERS,48,0,0,48,16.27
10591174,AIC - AFRICAN INDEPENDENT CONGRESS,13,0,0,13,4.41
10591174,DA - DEMOCRATIC ALLIANCE,7,0,0,7,2.37
10591174,ACDP - AFRICAN CHRISTIAN DEMOCRATIC PARTY,2,0,0,2,0.68
10591174,COPE - CONGRESS  OF THE PEOPLE,2,0,0,2,0.68
10591174,PAC - PAN AFRICANIST CONGRESS OF AZANIA,0,0,0,0,0
10591174,PAM - PAN AFRICANIST MOVEMENT,7,0,0,7,2.37
10591174,PAL - PEOPLES ALLIANCE,0,0,0,0,0
10591174,UDM - UNITED DEMOCRATIC MOVEMENT,13,0,0,13,4.41
10591174,UFEC - UNITED FRONT OF THE EASTERN CAPE,2,0,0,2,0.68
10591174,UNICO - UNITED CONGRESS,0,0,0,0,0
10591185,ANC - AFRICAN NATIONAL CONGRESS,1025,0,0,1025,74.38
10591185,INDEPENDENT,0,0,0,0,0
10591185,EFF - ECONOMIC FREEDOM FIGHTERS,115,0,0,115,8.35
10591185,DA - DEMOCRATIC ALLIANCE,40,0,0,40,2.9
10591185,AIC - AFRICAN INDEPENDENT CONGRESS,56,0,0,56,4.06
10591185,COPE - CONGRESS  OF THE PEOPLE,25,0,0,25,1.81
10591185,ACDP - AFRICAN CHRISTIAN DEMOCRATIC PARTY,9,0,0,9,0.65
10591185,PAC - PAN AFRICANIST CONGRESS OF AZANIA,5,0,0,5,0.36
10591185,UNICO - UNITED CONGRESS,3,0,0,3,0.22
10591185,PAL - PEOPLES ALLIANCE,14,0,0,14,1.02
10591185,PAM - PAN AFRICANIST MOVEMENT,13,0,0,13,0.94
10591185,UDM - UNITED DEMOCRATIC MOVEMENT,71,0,0,71,5.15
10591185,UFEC - UNITED FRONT OF THE EASTERN CAPE,2,0,0,2,0.15
10591309,INDEPENDENT,0,0,0,0,0
10591309,ANC - AFRICAN NATIONAL CONGRESS,385,0,0,385,70
10591309,EFF - ECONOMIC FREEDOM FIGHTERS,62,0,0,62,11.27
10591309,AIC - AFRICAN INDEPENDENT CONGRESS,37,0,0,37,6.73
10591309,DA - DEMOCRATIC ALLIANCE,10,0,0,10,1.82
10591309,COPE - CONGRESS  OF THE PEOPLE,7,0,0,7,1.27
10591309,ACDP - AFRICAN CHRISTIAN DEMOCRATIC PARTY,3,0,0,3,0.55
10591309,PAC - PAN AFRICANIST CONGRESS OF AZANIA,9,0,0,9,1.64
10591309,UNICO - UNITED CONGRESS,1,0,0,1,0.18
10591309,PAL - PEOPLES ALLIANCE,11,0,0,11,2
10591309,PAM - PAN AFRICANIST MOVEMENT,17,0,0,17,3.09
10591309,UDM - UNITED DEMOCRATIC MOVEMENT,7,0,0,7,1.27
10591309,UFEC - UNITED FRONT OF THE EASTERN CAPE,1,0,0,1,0.18
10591332,ANC - AFRICAN NATIONAL CONGRESS,408,0,0,408,74.45
10591332,INDEPENDENT,0,0,0,0,0
10591332,EFF - ECONOMIC FREEDOM FIGHTERS,50,0,0,50,9.12
10591332,AIC - AFRICAN INDEPENDENT CONGRESS,34,0,0,34,6.2
10591332,DA - DEMOCRATIC ALLIANCE,17,0,0,17,3.1
10591332,COPE - CONGRESS  OF THE PEOPLE,4,0,0,4,0.73
10591332,ACDP - AFRICAN CHRISTIAN DEMOCRATIC PARTY,3,0,0,3,0.55
10591332,PAC - PAN AFRICANIST CONGRESS OF AZANIA,3,0,0,3,0.55
10591332,PAM - PAN AFRICANIST MOVEMENT,8,0,0,8,1.46
10591332,PAL - PEOPLES ALLIANCE,2,0,0,2,0.36
10591332,UDM - UNITED DEMOCRATIC MOVEMENT,16,0,0,16,2.92
10591332,UFEC - UNITED FRONT OF THE EASTERN CAPE,1,0,0,1,0.18
10591332,UNICO - UNITED CONGRESS,2,0,0,2,0.36
10591411,ANC - AFRICAN NATIONAL CONGRESS,188,0,0,188,83.19
10591411,INDEPENDENT,0,0,0,0,0
10591411,DA - DEMOCRATIC ALLIANCE,3,0,0,3,1.33
10591411,EFF - ECONOMIC FREEDOM FIGHTERS,14,0,0,14,6.19
10591411,AIC - AFRICAN INDEPENDENT CONGRESS,15,0,0,15,6.64
10591411,COPE - CONGRESS  OF THE PEOPLE,0,0,0,0,0
10591411,PAC - PAN AFRICANIST CONGRESS OF AZANIA,1,0,0,1,0.44
10591411,ACDP - AFRICAN CHRISTIAN DEMOCRATIC PARTY,1,0,0,1,0.44
10591411,PAL - PEOPLES ALLIANCE,0,0,0,0,0
10591411,PAM - PAN AFRICANIST MOVEMENT,1,0,0,1,0.44
10591411,UDM - UNITED DEMOCRATIC MOVEMENT,3,0,0,3,1.33
10591411,UFEC - UNITED FRONT OF THE EASTERN CAPE,0,0,0,0,0
10591411,UNICO - UNITED CONGRESS,0,0,0,0,0
10590094,ANC - AFRICAN NATIONAL CONGRESS,770,0,0,770,70.9
10590094,EFF - ECONOMIC FREEDOM FIGHTERS,146,0,0,146,13.44
10590094,AIC - AFRICAN INDEPENDENT CONGRESS,58,0,0,58,5.34
10590094,PAC - PAN AFRICANIST CONGRESS OF AZANIA,54,0,0,54,4.97
10590094,DA - DEMOCRATIC ALLIANCE,23,0,0,23,2.12
10590094,INDEPENDENT,0,0,0,0,0
10590094,ACDP - AFRICAN CHRISTIAN DEMOCRATIC PARTY,6,0,0,6,0.55
10590094,COPE - CONGRESS  OF THE PEOPLE,9,0,0,9,0.83
10590094,UFEC - UNITED FRONT OF THE EASTERN CAPE,4,0,0,4,0.37
10590094,UNICO - UNITED CONGRESS,1,0,0,1,0.09
10590094,PAL - PEOPLES ALLIANCE,1,0,0,1,0.09
10590094,PAM - PAN AFRICANIST MOVEMENT,1,0,0,1,0.09
10590094,UDM - UNITED DEMOCRATIC MOVEMENT,13,0,0,13,1.2
10590106,ANC - AFRICAN NATIONAL CONGRESS,561,0,0,561,70.21
10590106,EFF - ECONOMIC FREEDOM FIGHTERS,157,0,0,157,19.65
10590106,AIC - AFRICAN INDEPENDENT CONGRESS,39,0,0,39,4.88
10590106,PAC - PAN AFRICANIST CONGRESS OF AZANIA,13,0,0,13,1.63
10590106,COPE - CONGRESS  OF THE PEOPLE,9,0,0,9,1.13
10590106,DA - DEMOCRATIC ALLIANCE,7,0,0,7,0.88
10590106,ACDP - AFRICAN CHRISTIAN DEMOCRATIC PARTY,2,0,0,2,0.25
10590106,UFEC - UNITED FRONT OF THE EASTERN CAPE,1,0,0,1,0.13
10590106,INDEPENDENT,0,0,0,0,0
10590106,PAL - PEOPLES ALLIANCE,2,0,0,2,0.25
10590106,PAM - PAN AFRICANIST MOVEMENT,0,0,0,0,0
10590106,UDM - UNITED DEMOCRATIC MOVEMENT,8,0,0,8,1
10590106,UNICO - UNITED CONGRESS,0,0,0,0,0
10590117,ANC - AFRICAN NATIONAL CONGRESS,838,0,0,838,72.18
10590117,EFF - ECONOMIC FREEDOM FIGHTERS,162,0,0,162,13.95
10590117,AIC - AFRICAN INDEPENDENT CONGRESS,75,0,0,75,6.46
10590117,INDEPENDENT,0,0,0,0,0
10590117,PAC - PAN AFRICANIST CONGRESS OF AZANIA,30,0,0,30,2.58
10590117,DA - DEMOCRATIC ALLIANCE,33,0,0,33,2.84
10590117,COPE - CONGRESS  OF THE PEOPLE,8,0,0,8,0.69
10590117,UFEC - UNITED FRONT OF THE EASTERN CAPE,2,0,0,2,0.17
10590117,ACDP - AFRICAN CHRISTIAN DEMOCRATIC PARTY,0,0,0,0,0
10590117,PAL - PEOPLES ALLIANCE,1,0,0,1,0.09
10590117,PAM - PAN AFRICANIST MOVEMENT,1,0,0,1,0.09
10590117,UDM - UNITED DEMOCRATIC MOVEMENT,11,0,0,11,0.95
10590117,UNICO - UNITED CONGRESS,0,0,0,0,0
10590207,ANC - AFRICAN NATIONAL CONGRESS,592,0,0,592,80.33
10590207,EFF - ECONOMIC FREEDOM FIGHTERS,70,0,0,70,9.5
10590207,AIC - AFRICAN INDEPENDENT CONGRESS,28,0,0,28,3.8
10590207,DA - DEMOCRATIC ALLIANCE,17,0,0,17,2.31
10590207,PAC - PAN AFRICANIST CONGRESS OF AZANIA,13,0,0,13,1.76
10590207,INDEPENDENT,0,0,0,0,0
10590207,COPE - CONGRESS  OF THE PEOPLE,2,0,0,2,0.27
10590207,UFEC - UNITED FRONT OF THE EASTERN CAPE,3,0,0,3,0.41
10590207,ACDP - AFRICAN CHRISTIAN DEMOCRATIC PARTY,1,0,0,1,0.14
10590207,PAL - PEOPLES ALLIANCE,2,0,0,2,0.27
10590207,PAM - PAN AFRICANIST MOVEMENT,1,0,0,1,0.14
10590207,UDM - UNITED DEMOCRATIC MOVEMENT,7,0,0,7,0.95
10590207,UNICO - UNITED CONGRESS,1,0,0,1,0.14
10590757,ANC - AFRICAN NATIONAL CONGRESS,1936,0,0,1936,76.76
10590757,INDEPENDENT,0,0,0,0,0
10590757,EFF - ECONOMIC FREEDOM FIGHTERS,293,0,0,293,11.62
10590757,DA - DEMOCRATIC ALLIANCE,80,0,0,80,3.17
10590757,AIC - AFRICAN INDEPENDENT CONGRESS,145,0,0,145,5.75
10590757,COPE - CONGRESS  OF THE PEOPLE,19,0,0,19,0.75
10590757,ACDP - AFRICAN CHRISTIAN DEMOCRATIC PARTY,6,0,0,6,0.24
10590757,UFEC - UNITED FRONT OF THE EASTERN CAPE,3,0,0,3,0.12
10590757,PAC - PAN AFRICANIST CONGRESS OF AZANIA,0,0,0,0,0
10590757,PAL - PEOPLES ALLIANCE,13,0,0,13,0.52
10590757,PAM - PAN AFRICANIST MOVEMENT,6,0,0,6,0.24
10590757,UDM - UNITED DEMOCRATIC MOVEMENT,20,0,0,20,0.79
10590757,UNICO - UNITED CONGRESS,1,0,0,1,0.04
10590881,DA - DEMOCRATIC ALLIANCE,1596,0,0,1596,85.71
10590881,ANC - AFRICAN NATIONAL CONGRESS,175,0,0,175,9.4
10590881,EFF - ECONOMIC FREEDOM FIGHTERS,43,0,0,43,2.31
10590881,ACDP - AFRICAN CHRISTIAN DEMOCRATIC PARTY,15,0,0,15,0.81
10590881,INDEPENDENT,0,0,0,0,0
10590881,AIC - AFRICAN INDEPENDENT CONGRESS,6,0,0,6,0.32
10590881,COPE - CONGRESS  OF THE PEOPLE,3,0,0,3,0.16
10590881,UFEC - UNITED FRONT OF THE EASTERN CAPE,0,0,0,0,0
10590881,PAC - PAN AFRICANIST CONGRESS OF AZANIA,4,0,0,4,0.21
10590881,PAL - PEOPLES ALLIANCE,0,0,0,0,0
10590881,PAM - PAN AFRICANIST MOVEMENT,0,0,0,0,0
10590881,UDM - UNITED DEMOCRATIC MOVEMENT,20,0,0,20,1.07
10590881,UNICO - UNITED CONGRESS,0,0,0,0,0
10820898,ANC - AFRICAN NATIONAL CONGRESS,677,0,0,677,67.03
10820898,DA - DEMOCRATIC ALLIANCE,285,0,0,285,28.22
10820898,AIC - AFRICAN INDEPENDENT CONGRESS,27,0,0,27,2.67
10820898,EFF - ECONOMIC FREEDOM FIGHTERS,16,0,0,16,1.58
10820898,COPE - CONGRESS  OF THE PEOPLE,1,0,0,1,0.1
10820898,INDEPENDENT,0,0,0,0,0
10820898,ACDP - AFRICAN CHRISTIAN DEMOCRATIC PARTY,1,0,0,1,0.1
10820898,UFEC - UNITED FRONT OF THE EASTERN CAPE,0,0,0,0,0
10820898,PAC - PAN AFRICANIST CONGRESS OF AZANIA,0,0,0,0,0
10820898,PAL - PEOPLES ALLIANCE,0,0,0,0,0
10820898,PAM - PAN AFRICANIST MOVEMENT,2,0,0,2,0.2
10100248,INDEPENDENT,0,0,0,0,0
10820898,UDM - UNITED DEMOCRATIC MOVEMENT,1,0,0,1,0.1
10820898,UNICO - UNITED CONGRESS,0,0,0,0,0
10590555,DA - DEMOCRATIC ALLIANCE,341,0,0,341,53.2
10590555,ANC - AFRICAN NATIONAL CONGRESS,206,0,0,206,32.14
10590555,EFF - ECONOMIC FREEDOM FIGHTERS,45,0,0,45,7.02
10590555,AIC - AFRICAN INDEPENDENT CONGRESS,12,0,0,12,1.87
10590555,UDM - UNITED DEMOCRATIC MOVEMENT,15,0,0,15,2.34
10590555,ACDP - AFRICAN CHRISTIAN DEMOCRATIC PARTY,3,0,0,3,0.47
10590555,UFEC - UNITED FRONT OF THE EASTERN CAPE,4,0,0,4,0.62
10590555,PAC - PAN AFRICANIST CONGRESS OF AZANIA,2,0,0,2,0.31
10590555,COPE - CONGRESS  OF THE PEOPLE,1,0,0,1,0.16
10590555,PAL - PEOPLES ALLIANCE,0,0,0,0,0
10590555,PAM - PAN AFRICANIST MOVEMENT,12,0,0,12,1.87
10590555,UNICO - UNITED CONGRESS,0,0,0,0,0
10590768,ANC - AFRICAN NATIONAL CONGRESS,94,0,0,94,70.68
10590768,DA - DEMOCRATIC ALLIANCE,17,0,0,17,12.78
10590768,EFF - ECONOMIC FREEDOM FIGHTERS,16,0,0,16,12.03
10590768,AIC - AFRICAN INDEPENDENT CONGRESS,4,0,0,4,3.01
10590768,PAC - PAN AFRICANIST CONGRESS OF AZANIA,1,0,0,1,0.75
10590768,UDM - UNITED DEMOCRATIC MOVEMENT,1,0,0,1,0.75
10590768,ACDP - AFRICAN CHRISTIAN DEMOCRATIC PARTY,0,0,0,0,0
10590768,COPE - CONGRESS  OF THE PEOPLE,0,0,0,0,0
10590768,PAL - PEOPLES ALLIANCE,0,0,0,0,0
10590768,PAM - PAN AFRICANIST MOVEMENT,0,0,0,0,0
10590768,UFEC - UNITED FRONT OF THE EASTERN CAPE,0,0,0,0,0
10590768,UNICO - UNITED CONGRESS,0,0,0,0,0
10591051,ANC - AFRICAN NATIONAL CONGRESS,1083,0,0,1083,63.19
10591051,EFF - ECONOMIC FREEDOM FIGHTERS,225,0,0,225,13.13
10591051,UFEC - UNITED FRONT OF THE EASTERN CAPE,166,0,0,166,9.68
10591051,DA - DEMOCRATIC ALLIANCE,128,0,0,128,7.47
10591051,AIC - AFRICAN INDEPENDENT CONGRESS,41,0,0,41,2.39
10591051,UDM - UNITED DEMOCRATIC MOVEMENT,32,0,0,32,1.87
10591051,ACDP - AFRICAN CHRISTIAN DEMOCRATIC PARTY,8,0,0,8,0.47
10591051,UNICO - UNITED CONGRESS,11,0,0,11,0.64
10591051,COPE - CONGRESS  OF THE PEOPLE,10,0,0,10,0.58
10591051,PAC - PAN AFRICANIST CONGRESS OF AZANIA,6,0,0,6,0.35
10591051,PAL - PEOPLES ALLIANCE,1,0,0,1,0.06
10591051,PAM - PAN AFRICANIST MOVEMENT,3,0,0,3,0.18
10591152,DA - DEMOCRATIC ALLIANCE,426,0,0,426,77.45
10591152,ANC - AFRICAN NATIONAL CONGRESS,75,0,0,75,13.64
10591152,EFF - ECONOMIC FREEDOM FIGHTERS,21,0,0,21,3.82
10591152,ACDP - AFRICAN CHRISTIAN DEMOCRATIC PARTY,9,0,0,9,1.64
10591152,AIC - AFRICAN INDEPENDENT CONGRESS,6,0,0,6,1.09
10591152,UDM - UNITED DEMOCRATIC MOVEMENT,8,0,0,8,1.45
10591152,COPE - CONGRESS  OF THE PEOPLE,3,0,0,3,0.55
10591152,PAC - PAN AFRICANIST CONGRESS OF AZANIA,1,0,0,1,0.18
10591152,UFEC - UNITED FRONT OF THE EASTERN CAPE,1,0,0,1,0.18
10591152,PAL - PEOPLES ALLIANCE,0,0,0,0,0
10591152,PAM - PAN AFRICANIST MOVEMENT,0,0,0,0,0
10591152,UNICO - UNITED CONGRESS,0,0,0,0,0
10591220,ANC - AFRICAN NATIONAL CONGRESS,606,0,0,606,47.64
10591220,DA - DEMOCRATIC ALLIANCE,310,0,0,310,24.37
10591220,EFF - ECONOMIC FREEDOM FIGHTERS,228,0,0,228,17.92
10591220,UDM - UNITED DEMOCRATIC MOVEMENT,60,0,0,60,4.72
10591220,AIC - AFRICAN INDEPENDENT CONGRESS,25,0,0,25,1.97
10591220,UFEC - UNITED FRONT OF THE EASTERN CAPE,16,0,0,16,1.26
10591220,PAC - PAN AFRICANIST CONGRESS OF AZANIA,10,0,0,10,0.79
10591220,COPE - CONGRESS  OF THE PEOPLE,8,0,0,8,0.63
10591220,ACDP - AFRICAN CHRISTIAN DEMOCRATIC PARTY,6,0,0,6,0.47
10591220,UNICO - UNITED CONGRESS,1,0,0,1,0.08
10591220,PAL - PEOPLES ALLIANCE,0,0,0,0,0
10591220,PAM - PAN AFRICANIST MOVEMENT,2,0,0,2,0.16
10590061,ANC - AFRICAN NATIONAL CONGRESS,636,0,0,636,70.35
10590061,INDEPENDENT,0,0,0,0,0
10590061,EFF - ECONOMIC FREEDOM FIGHTERS,148,0,0,148,16.37
10840542,INDEPENDENT,0,0,0,0,0
10590061,AIC - AFRICAN INDEPENDENT CONGRESS,39,0,0,39,4.31
10590061,DA - DEMOCRATIC ALLIANCE,32,0,0,32,3.54
10590061,PAC - PAN AFRICANIST CONGRESS OF AZANIA,13,0,0,13,1.44
10590061,COPE - CONGRESS  OF THE PEOPLE,9,0,0,9,1
10590061,ACDP - AFRICAN CHRISTIAN DEMOCRATIC PARTY,7,0,0,7,0.77
10590061,UNICO - UNITED CONGRESS,3,0,0,3,0.33
10590061,PAL - PEOPLES ALLIANCE,7,0,0,7,0.77
10590061,PAM - PAN AFRICANIST MOVEMENT,1,0,0,1,0.11
